sample,Aalpha,Abeta,kalpha,kbeta,rk,fbeta
PVDF-powder,0.09034749034749,0.06023166023166,6.10E+04,7.70E+04,1.26229508196721,0.345609065155807
PVDF-fiber,0.033126550868486,0.0575682382134,6.10E+04,7.70E+04,1.26229508196721,0.579252194912306
PVDF-fiber-w-SnO2,0.077008310249307,0.11994459833795,6.10E+04,7.70E+04,1.26229508196721,0.552353666952467
